SettlementPoint,Year,HourlyVolatility
HB_PAN,2019,0.6316345305022135
HB_WEST,2018,0.3025043074447881
HB_WEST,2017,0.24761455968272877
HB_SOUTH,2016,0.2090261556542681
